article_id,category,title,body
A101,Payouts,When will I receive my payout?,Payouts are sent to your bank account on a rolling schedule. Most accounts receive funds two business days after a charge settles. Your first payout can take seven to fourteen days while we verify your business.
A102,Payouts,Why was my payout delayed?,"A payout can be delayed by a bank holiday, a change to your bank details, or a review of unusual activity. Delayed payouts show a pending status in the dashboard with the expected arrival date."
A103,Payouts,Change the bank account for payouts,"You can replace the bank account that receives payouts from your settings. For security, changing bank details pauses payouts for up to three days and sends a confirmation email."
A104,Payouts,Instant payouts to a debit card,Eligible accounts can send funds to a debit card within minutes for a small fee. Instant payouts are limited by a daily maximum and are not available for every card.
A105,Disputes,Responding to a dispute,"When a customer disputes a charge with their bank, you can submit evidence such as receipts, shipping tracking and customer messages. Evidence must be submitted before the deadline shown on the dispute."
A106,Disputes,Dispute fees and when they are refunded,A dispute fee is charged when a dispute is opened. The fee is returned if the dispute is decided in your favor by the card network.
A107,Disputes,Preventing fraudulent charges,"Fraud rules let you block payments that match risky patterns, such as many attempts from one card or a mismatch between billing and shipping country. Review blocked payments from the dashboard."
A108,Payments,Why was a payment declined?,"Payments are declined by the customer's bank for reasons such as insufficient funds, an incorrect card number or a suspected fraud flag. The decline code in the payment details explains the reason."
A109,Payments,Accepting payments in another currency,"You can present prices in more than one hundred currencies. Charges in another currency are converted to your settlement currency at the current exchange rate, and a conversion fee may apply."
A110,Payments,Saving a card for future payments,"With the customer's permission you can save a card and charge it later, for example for subscriptions or orders that ship in parts. Saved cards may need authentication on first use."
A111,Payments,Authorize now and capture later,"An authorization places a hold on the customer's card without moving money. You can capture the full amount or less within seven days, after which the hold expires."
A112,Refunds,Refunding a customer,"You can refund all or part of a payment from the payment details page. Refunds usually reach the customer within five to ten business days, depending on their bank."
A113,Refunds,Why did a refund fail?,A refund can fail if the customer's card was closed or if your balance is too low to cover it. Failed refunds are listed with the reason so you can send the money another way.
A114,Billing,Understanding processing fees,"A processing fee is charged on each successful card payment. International cards and currency conversion can add further fees, and the full breakdown appears in each balance transaction."
A115,Billing,Downloading invoices and tax documents,Monthly fee invoices and annual tax forms are available in the documents section of your settings. Tax forms are issued in January for the previous year.
A116,Account,Verifying your business identity,"To keep payouts enabled, we need details such as your legal business name, tax id and a representative's identity. Missing information is listed in the dashboard with a due date."
A117,Account,Adding team members and roles,"You can invite teammates and give each person a role, such as administrator, developer or support specialist, which controls what they can see and change."
A118,Account,Turning on two-step authentication,Two-step authentication adds a code from your phone or a security key when you sign in. Administrators can require it for everyone on the team.
A119,Account,Closing your account,"You can close your account once your balance is paid out and there are no open disputes. Closing is permanent, but your records remain available to download for seven years."
A120,Subscriptions,Changing a customer's subscription plan,"When a customer upgrades or downgrades, the price difference is prorated by default so they pay only for the time on each plan. You can turn proration off for a single change."
A121,Subscriptions,Free trials,"Subscriptions can start with a free trial of any length. The customer is charged at the end of the trial unless they cancel, and a reminder email can be sent a few days before."
A122,Subscriptions,Retrying failed subscription payments,"If a renewal payment fails, it is retried automatically over the following weeks. You can choose how many retries happen and whether the subscription is canceled or paused afterwards."
A123,Developers,Using test mode,"Test mode lets you try payments without moving real money. Use the test card numbers from the documentation, and switch to live mode when you are ready to accept real payments."
A124,Developers,Setting up webhooks,"Webhooks send an event to your server when something happens, such as a successful payment or a new dispute. Each event is signed so you can confirm it came from us."
