query_id,query,relevant_article_id,category,title,body
Q1001,why set trial lentgh to 14 days asap,A121,Subscriptions,Free trials,"Subscriptions can start with a free trial of any length. The customer is charged at the end of the trial unless they cancel, and a reminder email can be sent a few days before."
Q1002,how do i fight a chargeback?,A105,Disputes,Responding to a dispute,"When a customer disputes a charge with their bank, you can submit evidence such as receipts, shipping tracking and customer messages. Evidence must be submitted before the deadline shown on the dispute."
Q1003,how do i upload id to keep my account active?,A116,Account,Verifying your business identity,"To keep payouts enabled, we need details such as your legal business name, tax id and a representative's identity. Missing information is listed in the dashboard with a due date."
Q1004,"hi, dunning settings for subscriptions",A122,Subscriptions,Retrying failed subscription payments,"If a renewal payment fails, it is retried automatically over the following weeks. You can choose how many retries happen and whether the subscription is canceled or paused afterwards."
Q1005,need help: upgrade a subscriber mid month on my account,A120,Subscriptions,Changing a customer's subscription plan,"When a customer upgrades or downgrades, the price difference is prorated by default so they pay only for the time on each plan. You can turn proration off for a single change."
Q1006,need help: how do i fight a chargeback please,A105,Disputes,Responding to a dispute,"When a customer disputes a charge with their bank, you can submit evidence such as receipts, shipping tracking and customer messages. Evidence must be submitted before the deadline shown on the dispute."
Q1007,"hi, cost of loisng a dispute asap",A106,Disputes,Dispute fees and when they are refunded,A dispute fee is charged when a dispute is opened. The fee is returned if the dispute is decided in your favor by the card network.
Q1008,help verify event signature,A124,Developers,Setting up webhooks,"Webhooks send an event to your server when something happens, such as a successful payment or a new dispute. Each event is signed so you can confirm it came from us."
Q1009,question: switch from test to live,A123,Developers,Using test mode,"Test mode lets you try payments without moving real money. Use the test card numbers from the documentation, and switch to live mode when you are ready to accept real payments."
Q1010,help block suspicious payments on my account,A107,Disputes,Preventing fraudulent charges,"Fraud rules let you block payments that match risky patterns, such as many attempts from one card or a mismatch between billing and shipping country. Review blocked payments from the dashboard."
Q1011,how do i deadline to respond to dispute on my account,A105,Disputes,Responding to a dispute,"When a customer disputes a charge with their bank, you can submit evidence such as receipts, shipping tracking and customer messages. Evidence must be submitted before the deadline shown on the dispute."
Q1012,close business account,A119,Account,Closing your account,"You can close your account once your balance is paid out and there are no open disputes. Closing is permanent, but your records remain available to download for seven years."
Q1013,can you tell me charge customers in eruos please,A109,Payments,Accepting payments in another currency,"You can present prices in more than one hundred currencies. Charges in another currency are converted to your settlement currency at the current exchange rate, and a conversion fee may apply."
Q1014,return a charge to the customer for my shop,A112,Refunds,Refunding a customer,"You can refund all or part of a payment from the payment details page. Refunds usually reach the customer within five to ten business days, depending on their bank."
Q1015,can you tell me how much do you take per transaction,A114,Billing,Understanding processing fees,"A processing fee is charged on each successful card payment. International cards and currency conversion can add further fees, and the full breakdown appears in each balance transaction."
Q1016,bank refused the charge for my shop,A108,Payments,Why was a payment declined?,"Payments are declined by the customer's bank for reasons such as insufficient funds, an incorrect card number or a suspected fraud flag. The decline code in the payment details explains the reason."
Q1017,question: how much do you take per transaction?,A114,Billing,Understanding processing fees,"A processing fee is charged on each successful card payment. International cards and currency conversion can add further fees, and the full breakdown appears in each balance transaction."
Q1018,inivte a coworker to the dashboard,A117,Account,Adding team members and roles,"You can invite teammates and give each person a role, such as administrator, developer or support specialist, which controls what they can see and change."
Q1019,how do i store customer card on file,A110,Payments,Saving a card for future payments,"With the customer's permission you can save a card and charge it later, for example for subscriptions or orders that ship in parts. Saved cards may need authentication on first use."
Q1020,"hi, payout schedule timing please",A101,Payouts,When will I receive my payout?,Payouts are sent to your bank account on a rolling schedule. Most accounts receive funds two business days after a charge settles. Your first payout can take seven to fourteen days while we verify your business.
Q1021,can you tell me invite a coworker to the dashboard asap,A117,Account,Adding team members and roles,"You can invite teammates and give each person a role, such as administrator, developer or support specialist, which controls what they can see and change."
Q1022,help partial refund for one item asap,A112,Refunds,Refunding a customer,"You can refund all or part of a payment from the payment details page. Refunds usually reach the customer within five to ten business days, depending on their bank."
Q1023,how do i send funds to my debit card asap,A104,Payouts,Instant payouts to a debit card,Eligible accounts can send funds to a debit card within minutes for a small fee. Instant payouts are limited by a daily maximum and are not available for every card.
Q1024,need help: put a hold on a card,A111,Payments,Authorize now and capture later,"An authorization places a hold on the customer's card without moving money. You can capture the full amount or less within seven days, after which the hold expires."
Q1025,can you tell me payout stuck in pending asap,A102,Payouts,Why was my payout delayed?,"A payout can be delayed by a bank holiday, a change to your bank details, or a review of unusual activity. Delayed payouts show a pending status in the dashboard with the expected arrival date."
Q1026,help deadline to repsond to dispute asap,A105,Disputes,Responding to a dispute,"When a customer disputes a charge with their bank, you can submit evidence such as receipts, shipping tracking and customer messages. Evidence must be submitted before the deadline shown on the dispute."
Q1027,how do i authorization expired before i charged please,A111,Payments,Authorize now and capture later,"An authorization places a hold on the customer's card without moving money. You can capture the full amount or less within seven days, after which the hold expires."
Q1028,need help: deadline to respond to dispute,A105,Disputes,Responding to a dispute,"When a customer disputes a charge with their bank, you can submit evidence such as receipts, shipping tracking and customer messages. Evidence must be submitted before the deadline shown on the dispute."
Q1029,dunning settings for subscriptions,A122,Subscriptions,Retrying failed subscription payments,"If a renewal payment fails, it is retried automatically over the following weeks. You can choose how many retries happen and whether the subscription is canceled or paused afterwards."
Q1030,need help: set up two factor login please,A118,Account,Turning on two-step authentication,Two-step authentication adds a code from your phone or a security key when you sign in. Administrators can require it for everyone on the team.
Q1031,renewal charge failed for a susbcriber?,A122,Subscriptions,Retrying failed subscription payments,"If a renewal payment fails, it is retried automatically over the following weeks. You can choose how many retries happen and whether the subscription is canceled or paused afterwards."
Q1032,why return a charge to the customer,A112,Refunds,Refunding a customer,"You can refund all or part of a payment from the payment details page. Refunds usually reach the customer within five to ten business days, depending on their bank."
Q1033,how do i sell to buyers abroad in their money please,A109,Payments,Accepting payments in another currency,"You can present prices in more than one hundred currencies. Charges in another currency are converted to your settlement currency at the current exchange rate, and a conversion fee may apply."
Q1034,need help: require 2fa for my team please,A118,Account,Turning on two-step authentication,Two-step authentication adds a code from your phone or a security key when you sign in. Administrators can require it for everyone on the team.
Q1035,why annual statement for accountant?,A115,Billing,Downloading invoices and tax documents,Monthly fee invoices and annual tax forms are available in the documents section of your settings. Tax forms are issued in January for the previous year.
Q1036,how do i set up two factor loign please,A118,Account,Turning on two-step authentication,Two-step authentication adds a code from your phone or a security key when you sign in. Administrators can require it for everyone on the team.
Q1037,question: charged a fee for a chargeback,A106,Disputes,Dispute fees and when they are refunded,A dispute fee is charged when a dispute is opened. The fee is returned if the dispute is decided in your favor by the card network.
Q1038,can you tell me when does my money arrvie on my account,A101,Payouts,When will I receive my payout?,Payouts are sent to your bank account on a rolling schedule. Most accounts receive funds two business days after a charge settles. Your first payout can take seven to fourteen days while we verify your business.
Q1039,can you tell me payment failed at checkout please,A108,Payments,Why was a payment declined?,"Payments are declined by the customer's bank for reasons such as insufficient funds, an incorrect card number or a suspected fraud flag. The decline code in the payment details explains the reason."
Q1040,question: set trial length to 14 days please,A121,Subscriptions,Free trials,"Subscriptions can start with a free trial of any length. The customer is charged at the end of the trial unless they cancel, and a reminder email can be sent a few days before."
Q1041,question: what does decline code mean,A108,Payments,Why was a payment declined?,"Payments are declined by the customer's bank for reasons such as insufficient funds, an incorrect card number or a suspected fraud flag. The decline code in the payment details explains the reason."
Q1042,too many card testing attempts on my account,A107,Disputes,Preventing fraudulent charges,"Fraud rules let you block payments that match risky patterns, such as many attempts from one card or a mismatch between billing and shipping country. Review blocked payments from the dashboard."
Q1043,need help: account needs more information for my shop,A116,Account,Verifying your business identity,"To keep payouts enabled, we need details such as your legal business name, tax id and a representative's identity. Missing information is listed in the dashboard with a due date."
Q1044,why clsoe business acocunt,A119,Account,Closing your account,"You can close your account once your balance is paid out and there are no open disputes. Closing is permanent, but your records remain available to download for seven years."
Q1045,question: breakdown of charges on a sale for my shop,A114,Billing,Understanding processing fees,"A processing fee is charged on each successful card payment. International cards and currency conversion can add further fees, and the full breakdown appears in each balance transaction."
Q1046,question: try payments without real money,A123,Developers,Using test mode,"Test mode lets you try payments without moving real money. Use the test card numbers from the documentation, and switch to live mode when you are ready to accept real payments."
Q1047,how do i switch where deposits go,A103,Payouts,Change the bank account for payouts,"You can replace the bank account that receives payouts from your settings. For security, changing bank details pauses payouts for up to three days and sends a confirmation email."
Q1048,charge csutomers in euros,A109,Payments,Accepting payments in another currency,"You can present prices in more than one hundred currencies. Charges in another currency are converted to your settlement currency at the current exchange rate, and a conversion fee may apply."
Q1049,why get my 1099 form?,A115,Billing,Downloading invoices and tax documents,Monthly fee invoices and annual tax forms are available in the documents section of your settings. Tax forms are issued in January for the previous year.
Q1050,can you tell me upgrade a subscriber mid month asap,A120,Subscriptions,Changing a customer's subscription plan,"When a customer upgrades or downgrades, the price difference is prorated by default so they pay only for the time on each plan. You can turn proration off for a single change."
Q1051,how do i where are my tax documents?,A115,Billing,Downloading invoices and tax documents,Monthly fee invoices and annual tax forms are available in the documents section of your settings. Tax forms are issued in January for the previous year.
Q1052,stop fake orders with stolen cards,A107,Disputes,Preventing fraudulent charges,"Fraud rules let you block payments that match risky patterns, such as many attempts from one card or a mismatch between billing and shipping country. Review blocked payments from the dashboard."
Q1053,question: store csutomer card on file asap,A110,Payments,Saving a card for future payments,"With the customer's permission you can save a card and charge it later, for example for subscriptions or orders that ship in parts. Saved cards may need authentication on first use."
Q1054,how do i try payments without real money?,A123,Developers,Using test mode,"Test mode lets you try payments without moving real money. Use the test card numbers from the documentation, and switch to live mode when you are ready to accept real payments."
Q1055,how do i updtae my bank details?,A103,Payouts,Change the bank account for payouts,"You can replace the bank account that receives payouts from your settings. For security, changing bank details pauses payouts for up to three days and sends a confirmation email."
Q1056,can you tell me cancel everything and leave,A119,Account,Closing your account,"You can close your account once your balance is paid out and there are no open disputes. Closing is permanent, but your records remain available to download for seven years."
Q1057,too many card testing attempts?,A107,Disputes,Preventing fraudulent charges,"Fraud rules let you block payments that match risky patterns, such as many attempts from one card or a mismatch between billing and shipping country. Review blocked payments from the dashboard."
Q1058,can you tell me lost my authenticator phone,A118,Account,Turning on two-step authentication,Two-step authentication adds a code from your phone or a security key when you sign in. Administrators can require it for everyone on the team.
Q1059,not enough balance to refund please,A113,Refunds,Why did a refund fail?,A refund can fail if the customer's card was closed or if your balance is too low to cover it. Failed refunds are listed with the reason so you can send the money another way.
Q1060,how do i give my employee access asap,A117,Account,Adding team members and roles,"You can invite teammates and give each person a role, such as administrator, developer or support specialist, which controls what they can see and change."
Q1061,not enough balance to refund for my shop,A113,Refunds,Why did a refund fail?,A refund can fail if the customer's card was closed or if your balance is too low to cover it. Failed refunds are listed with the reason so you can send the money another way.
Q1062,how do i annual statement for accountant on my account,A115,Billing,Downloading invoices and tax documents,Monthly fee invoices and annual tax forms are available in the documents section of your settings. Tax forms are issued in January for the previous year.
Q1063,why account needs more information?,A116,Account,Verifying your business identity,"To keep payouts enabled, we need details such as your legal business name, tax id and a representative's identity. Missing information is listed in the dashboard with a due date."
Q1064,need help: get my 1099 form,A115,Billing,Downloading invoices and tax documents,Monthly fee invoices and annual tax forms are available in the documents section of your settings. Tax forms are issued in January for the previous year.
Q1065,can you tell me turn off prorated charges on my account,A120,Subscriptions,Changing a customer's subscription plan,"When a customer upgrades or downgrades, the price difference is prorated by default so they pay only for the time on each plan. You can turn proration off for a single change."
Q1066,help where are my tax documents please,A115,Billing,Downloading invoices and tax documents,Monthly fee invoices and annual tax forms are available in the documents section of your settings. Tax forms are issued in January for the previous year.
Q1067,question: set up two factor login please,A118,Account,Turning on two-step authentication,Two-step authentication adds a code from your phone or a security key when you sign in. Administrators can require it for everyone on the team.
Q1068,can you tell me pricing for card processing?,A114,Billing,Understanding processing fees,"A processing fee is charged on each successful card payment. International cards and currency conversion can add further fees, and the full breakdown appears in each balance transaction."
Q1069,help customer never got tehir money back,A113,Refunds,Why did a refund fail?,A refund can fail if the customer's card was closed or if your balance is too low to cover it. Failed refunds are listed with the reason so you can send the money another way.
Q1070,daily limit on fast payouts asap,A104,Payouts,Instant payouts to a debit card,Eligible accounts can send funds to a debit card within minutes for a small fee. Instant payouts are limited by a daily maximum and are not available for every card.
Q1071,customer filed a chargeback,A105,Disputes,Responding to a dispute,"When a customer disputes a charge with their bank, you can submit evidence such as receipts, shipping tracking and customer messages. Evidence must be submitted before the deadline shown on the dispute."
Q1072,how do i switch where deposits go?,A103,Payouts,Change the bank account for payouts,"You can replace the bank account that receives payouts from your settings. For security, changing bank details pauses payouts for up to three days and sends a confirmation email."
Q1073,why payout stuck in pending for my shop,A102,Payouts,Why was my payout delayed?,"A payout can be delayed by a bank holiday, a change to your bank details, or a review of unusual activity. Delayed payouts show a pending status in the dashboard with the expected arrival date."
Q1074,help pricing for card processing pelase,A114,Billing,Understanding processing fees,"A processing fee is charged on each successful card payment. International cards and currency conversion can add further fees, and the full breakdown appears in each balance transaction."
Q1075,how do i keep payment details for next time please,A110,Payments,Saving a card for future payments,"With the customer's permission you can save a card and charge it later, for example for subscriptions or orders that ship in parts. Saved cards may need authentication on first use."
Q1076,question: how much do you take per transaction,A114,Billing,Understanding processing fees,"A processing fee is charged on each successful card payment. International cards and currency conversion can add further fees, and the full breakdown appears in each balance transaction."
Q1077,"hi, cost of losing a dispute for my shop",A106,Disputes,Dispute fees and when they are refunded,A dispute fee is charged when a dispute is opened. The fee is returned if the dispute is decided in your favor by the card network.
Q1078,customer charged when trial ended please,A121,Subscriptions,Free trials,"Subscriptions can start with a free trial of any length. The customer is charged at the end of the trial unless they cancel, and a reminder email can be sent a few days before."
Q1079,"hi, get my 1099 form",A115,Billing,Downloading invoices and tax documents,Monthly fee invoices and annual tax forms are available in the documents section of your settings. Tax forms are issued in January for the previous year.
Q1080,need help: do i get the dispute fee back,A106,Disputes,Dispute fees and when they are refunded,A dispute fee is charged when a dispute is opened. The fee is returned if the dispute is decided in your favor by the card network.
Q1081,breakdown of charges on a sale?,A114,Billing,Understanding processing fees,"A processing fee is charged on each successful card payment. International cards and currency conversion can add further fees, and the full breakdown appears in each balance transaction."
Q1082,"hi, charged a fee for a chargeback asap",A106,Disputes,Dispute fees and when they are refunded,A dispute fee is charged when a dispute is opened. The fee is returned if the dispute is decided in your favor by the card network.
Q1083,how do i try payments without real money,A123,Developers,Using test mode,"Test mode lets you try payments without moving real money. Use the test card numbers from the documentation, and switch to live mode when you are ready to accept real payments."
Q1084,why why is my deposit held up,A102,Payouts,Why was my payout delayed?,"A payout can be delayed by a bank holiday, a change to your bank details, or a review of unusual activity. Delayed payouts show a pending status in the dashboard with the expected arrival date."
Q1085,pamyent failed at checkout for my shop,A108,Payments,Why was a payment declined?,"Payments are declined by the customer's bank for reasons such as insufficient funds, an incorrect card number or a suspected fraud flag. The decline code in the payment details explains the reason."
Q1086,can you tell me stop fake orders with stolen cards asap,A107,Disputes,Preventing fraudulent charges,"Fraud rules let you block payments that match risky patterns, such as many attempts from one card or a mismatch between billing and shipping country. Review blocked payments from the dashboard."
Q1087,how do i limit what staff can see,A117,Account,Adding team members and roles,"You can invite teammates and give each person a role, such as administrator, developer or support specialist, which controls what they can see and change."
Q1088,help fake card numbers for testing please,A123,Developers,Using test mode,"Test mode lets you try payments without moving real money. Use the test card numbers from the documentation, and switch to live mode when you are ready to accept real payments."
Q1089,need help: authorization expired before i charged please,A111,Payments,Authorize now and capture later,"An authorization places a hold on the customer's card without moving money. You can capture the full amount or less within seven days, after which the hold expires."
Q1090,do i get the dispute fee back on my account,A106,Disputes,Dispute fees and when they are refunded,A dispute fee is charged when a dispute is opened. The fee is returned if the dispute is decided in your favor by the card network.
Q1091,delete my account permanently please,A119,Account,Closing your account,"You can close your account once your balance is paid out and there are no open disputes. Closing is permanent, but your records remain available to download for seven years."
Q1092,help account needs more information,A116,Account,Verifying your business identity,"To keep payouts enabled, we need details such as your legal business name, tax id and a representative's identity. Missing information is listed in the dashboard with a due date."
Q1093,can you tell me cost of losing a dispute,A106,Disputes,Dispute fees and when they are refunded,A dispute fee is charged when a dispute is opened. The fee is returned if the dispute is decided in your favor by the card network.
Q1094,capture part of the amount,A111,Payments,Authorize now and capture later,"An authorization places a hold on the customer's card without moving money. You can capture the full amount or less within seven days, after which the hold expires."
Q1095,help turn off prorated charges,A120,Subscriptions,Changing a customer's subscription plan,"When a customer upgrades or downgrades, the price difference is prorated by default so they pay only for the time on each plan. You can turn proration off for a single change."
Q1096,question: customer filed a chargeback for my shop,A105,Disputes,Responding to a dispute,"When a customer disputes a charge with their bank, you can submit evidence such as receipts, shipping tracking and customer messages. Evidence must be submitted before the deadline shown on the dispute."
Q1097,"hi, capture part of the amount for my shop",A111,Payments,Authorize now and capture later,"An authorization places a hold on the customer's card without moving money. You can capture the full amount or less within seven days, after which the hold expires."
Q1098,help update my bank details,A103,Payouts,Change the bank account for payouts,"You can replace the bank account that receives payouts from your settings. For security, changing bank details pauses payouts for up to three days and sends a confirmation email."
Q1099,how do i move customer to a cheaper plan asap,A120,Subscriptions,Changing a customer's subscription plan,"When a customer upgrades or downgrades, the price difference is prorated by default so they pay only for the time on each plan. You can turn proration off for a single change."
Q1100,move customer to a cheaper plan asap,A120,Subscriptions,Changing a customer's subscription plan,"When a customer upgrades or downgrades, the price difference is prorated by default so they pay only for the time on each plan. You can turn proration off for a single change."
Q1101,"hi, give my employee access asap",A117,Account,Adding team members and roles,"You can invite teammates and give each person a role, such as administrator, developer or support specialist, which controls what they can see and change."
Q1102,why verify who owns the business,A116,Account,Verifying your business identity,"To keep payouts enabled, we need details such as your legal business name, tax id and a representative's identity. Missing information is listed in the dashboard with a due date."
Q1103,need help: charge the same card again laetr,A110,Payments,Saving a card for future payments,"With the customer's permission you can save a card and charge it later, for example for subscriptions or orders that ship in parts. Saved cards may need authentication on first use."
Q1104,"hi, lost my authenticator phone on my account",A118,Account,Turning on two-step authentication,Two-step authentication adds a code from your phone or a security key when you sign in. Administrators can require it for everyone on the team.
Q1105,question: upload id to keep my account active?,A116,Account,Verifying your business identity,"To keep payouts enabled, we need details such as your legal business name, tax id and a representative's identity. Missing information is listed in the dashboard with a due date."
Q1106,why daily limit on fast payouts for my shop,A104,Payouts,Instant payouts to a debit card,Eligible accounts can send funds to a debit card within minutes for a small fee. Instant payouts are limited by a daily maximum and are not available for every card.
Q1107,need help: use a different checking account,A103,Payouts,Change the bank account for payouts,"You can replace the bank account that receives payouts from your settings. For security, changing bank details pauses payouts for up to three days and sends a confirmation email."
Q1108,partial refund for one item for my shop,A112,Refunds,Refunding a customer,"You can refund all or part of a payment from the payment details page. Refunds usually reach the customer within five to ten business days, depending on their bank."
Q1109,need help: charge the same card again later please,A110,Payments,Saving a card for future payments,"With the customer's permission you can save a card and charge it later, for example for subscriptions or orders that ship in parts. Saved cards may need authentication on first use."
Q1110,"hi, capture part of the amount",A111,Payments,Authorize now and capture later,"An authorization places a hold on the customer's card without moving money. You can capture the full amount or less within seven days, after which the hold expires."
Q1111,need help: transfer to my bank is late,A102,Payouts,Why was my payout delayed?,"A payout can be delayed by a bank holiday, a change to your bank details, or a review of unusual activity. Delayed payouts show a pending status in the dashboard with the expected arrival date."
Q1112,get money faster same day on my account,A104,Payouts,Instant payouts to a debit card,Eligible accounts can send funds to a debit card within minutes for a small fee. Instant payouts are limited by a daily maximum and are not available for every card.
Q1113,help fake card numbers for testing?,A123,Developers,Using test mode,"Test mode lets you try payments without moving real money. Use the test card numbers from the documentation, and switch to live mode when you are ready to accept real payments."
Q1114,how do i invite a coworker to the dashboard for my shop,A117,Account,Adding team members and roles,"You can invite teammates and give each person a role, such as administrator, developer or support specialist, which controls what they can see and change."
Q1115,why what happens when recurring payment fails,A122,Subscriptions,Retrying failed subscription payments,"If a renewal payment fails, it is retried automatically over the following weeks. You can choose how many retries happen and whether the subscription is canceled or paused afterwards."
Q1116,help delete my account permanently on my account,A119,Account,Closing your account,"You can close your account once your balance is paid out and there are no open disputes. Closing is permanent, but your records remain available to download for seven years."
Q1117,question: webhook endpoint not receiving events,A124,Developers,Setting up webhooks,"Webhooks send an event to your server when something happens, such as a successful payment or a new dispute. Each event is signed so you can confirm it came from us."
Q1118,fake card numbers for testing?,A123,Developers,Using test mode,"Test mode lets you try payments without moving real money. Use the test card numbers from the documentation, and switch to live mode when you are ready to accept real payments."
Q1119,"hi, refund did not go through on my account",A113,Refunds,Why did a refund fail?,A refund can fail if the customer's card was closed or if your balance is too low to cover it. Failed refunds are listed with the reason so you can send the money another way.
Q1120,bank refused the charge asap,A108,Payments,Why was a payment declined?,"Payments are declined by the customer's bank for reasons such as insufficient funds, an incorrect card number or a suspected fraud flag. The decline code in the payment details explains the reason."
Q1121,can you tell me transfer to my bank is late for my shop,A102,Payouts,Why was my payout delayed?,"A payout can be delayed by a bank holiday, a change to your bank details, or a review of unusual activity. Delayed payouts show a pending status in the dashboard with the expected arrival date."
Q1122,"hi, switch from test to live asap",A123,Developers,Using test mode,"Test mode lets you try payments without moving real money. Use the test card numbers from the documentation, and switch to live mode when you are ready to accept real payments."
Q1123,bank refused the charge on my account,A108,Payments,Why was a payment declined?,"Payments are declined by the customer's bank for reasons such as insufficient funds, an incorrect card number or a suspected fraud flag. The decline code in the payment details explains the reason."
Q1124,"hi, annual statement for accountant please",A115,Billing,Downloading invoices and tax documents,Monthly fee invoices and annual tax forms are available in the documents section of your settings. Tax forms are issued in January for the previous year.
Q1125,need help: put a hold on a card asap,A111,Payments,Authorize now and capture later,"An authorization places a hold on the customer's card without moving money. You can capture the full amount or less within seven days, after which the hold expires."
Q1126,how do i cancel everything and laeve for my shop,A119,Account,Closing your account,"You can close your account once your balance is paid out and there are no open disputes. Closing is permanent, but your records remain available to download for seven years."
Q1127,why require 2fa for my team asap,A118,Account,Turning on two-step authentication,Two-step authentication adds a code from your phone or a security key when you sign in. Administrators can require it for everyone on the team.
Q1128,question: where are my tax documents please,A115,Billing,Downloading invoices and tax documents,Monthly fee invoices and annual tax forms are available in the documents section of your settings. Tax forms are issued in January for the previous year.
Q1129,remind users before trial expires for my shop,A121,Subscriptions,Free trials,"Subscriptions can start with a free trial of any length. The customer is charged at the end of the trial unless they cancel, and a reminder email can be sent a few days before."
Q1130,need help: limit what staff can see for my shop,A117,Account,Adding team members and roles,"You can invite teammates and give each person a role, such as administrator, developer or support specialist, which controls what they can see and change."
Q1131,send funds to my debit card for my shop,A104,Payouts,Instant payouts to a debit card,Eligible accounts can send funds to a debit card within minutes for a small fee. Instant payouts are limited by a daily maximum and are not available for every card.
Q1132,customer filed a chargeback,A105,Disputes,Responding to a dispute,"When a customer disputes a charge with their bank, you can submit evidence such as receipts, shipping tracking and customer messages. Evidence must be submitted before the deadline shown on the dispute."
Q1133,can you tell me charge the same card again later,A110,Payments,Saving a card for future payments,"With the customer's permission you can save a card and charge it later, for example for subscriptions or orders that ship in parts. Saved cards may need authentication on first use."
Q1134,why verify event signature,A124,Developers,Setting up webhooks,"Webhooks send an event to your server when something happens, such as a successful payment or a new dispute. Each event is signed so you can confirm it came from us."
Q1135,refund did not go through,A113,Refunds,Why did a refund fail?,A refund can fail if the customer's card was closed or if your balance is too low to cover it. Failed refunds are listed with the reason so you can send the money another way.
Q1136,question: block suspicious payments on my account,A107,Disputes,Preventing fraudulent charges,"Fraud rules let you block payments that match risky patterns, such as many attempts from one card or a mismatch between billing and shipping country. Review blocked payments from the dashboard."
Q1137,help stop fake orders with stolen cards?,A107,Disputes,Preventing fraudulent charges,"Fraud rules let you block payments that match risky patterns, such as many attempts from one card or a mismatch between billing and shipping country. Review blocked payments from the dashboard."
Q1138,"hi, give my employee access for my shop",A117,Account,Adding team members and roles,"You can invite teammates and give each person a role, such as administrator, developer or support specialist, which controls what they can see and change."
Q1139,how do i sell to buyers abroad in their money asap,A109,Payments,Accepting payments in another currency,"You can present prices in more than one hundred currencies. Charges in another currency are converted to your settlement currency at the current exchange rate, and a conversion fee may apply."
Q1140,need help: lost my authenticator phone,A118,Account,Turning on two-step authentication,Two-step authentication adds a code from your phone or a security key when you sign in. Administrators can require it for everyone on the team.
Q1141,question: verify event signature on my account,A124,Developers,Setting up webhooks,"Webhooks send an event to your server when something happens, such as a successful payment or a new dispute. Each event is signed so you can confirm it came from us."
Q1142,use a different checking account asap,A103,Payouts,Change the bank account for payouts,"You can replace the bank account that receives payouts from your settings. For security, changing bank details pauses payouts for up to three days and sends a confirmation email."
Q1143,need help: too many card testing attemtps please,A107,Disputes,Preventing fraudulent charges,"Fraud rules let you block payments that match risky patterns, such as many attempts from one card or a mismatch between billing and shipping country. Review blocked payments from the dashboard."
Q1144,"hi, breakdown of charges on a sale",A114,Billing,Understanding processing fees,"A processing fee is charged on each successful card payment. International cards and currency conversion can add further fees, and the full breakdown appears in each balance transaction."
Q1145,need help: verify who owns the business,A116,Account,Verifying your business identity,"To keep payouts enabled, we need details such as your legal business name, tax id and a representative's identity. Missing information is listed in the dashboard with a due date."
Q1146,question: switch where deposits go?,A103,Payouts,Change the bank account for payouts,"You can replace the bank account that receives payouts from your settings. For security, changing bank details pauses payouts for up to three days and sends a confirmation email."
Q1147,get money faster same day asap,A104,Payouts,Instant payouts to a debit card,Eligible accounts can send funds to a debit card within minutes for a small fee. Instant payouts are limited by a daily maximum and are not available for every card.
Q1148,question: lmiit what staff can see,A117,Account,Adding team members and roles,"You can invite teammates and give each person a role, such as administrator, developer or support specialist, which controls what they can see and change."
Q1149,charge customers in euros?,A109,Payments,Accepting payments in another currency,"You can present prices in more than one hundred currencies. Charges in another currency are converted to your settlement currency at the current exchange rate, and a conversion fee may apply."
Q1150,"hi, refund did not go through",A113,Refunds,Why did a refund fail?,A refund can fail if the customer's card was closed or if your balance is too low to cover it. Failed refunds are listed with the reason so you can send the money another way.
Q1151,authorization expired before i charged on my account,A111,Payments,Authorize now and capture later,"An authorization places a hold on the customer's card without moving money. You can capture the full amount or less within seven days, after which the hold expires."
Q1152,help customer charegd when trial ended,A121,Subscriptions,Free trials,"Subscriptions can start with a free trial of any length. The customer is charged at the end of the trial unless they cancel, and a reminder email can be sent a few days before."
Q1153,"hi, get notified when payment succeeds for my shop",A124,Developers,Setting up webhooks,"Webhooks send an event to your server when something happens, such as a successful payment or a new dispute. Each event is signed so you can confirm it came from us."
Q1154,how do i what does decline code mean,A108,Payments,Why was a payment declined?,"Payments are declined by the customer's bank for reasons such as insufficient funds, an incorrect card number or a suspected fraud flag. The decline code in the payment details explains the reason."
Q1155,help why is my deopsit held up,A102,Payouts,Why was my payout delayed?,"A payout can be delayed by a bank holiday, a change to your bank details, or a review of unusual activity. Delayed payouts show a pending status in the dashboard with the expected arrival date."
Q1156,payment failed at checkout asap,A108,Payments,Why was a payment declined?,"Payments are declined by the customer's bank for reasons such as insufficient funds, an incorrect card number or a suspected fraud flag. The decline code in the payment details explains the reason."
Q1157,"hi, require 2fa for my team",A118,Account,Turning on two-step authentication,Two-step authentication adds a code from your phone or a security key when you sign in. Administrators can require it for everyone on the team.
Q1158,can you tell me why is my deposit held up for my shop,A102,Payouts,Why was my payout delayed?,"A payout can be delayed by a bank holiday, a change to your bank details, or a review of unusual activity. Delayed payouts show a pending status in the dashboard with the expected arrival date."
Q1159,need help: dunning settigns for subscriptions for my shop,A122,Subscriptions,Retrying failed subscription payments,"If a renewal payment fails, it is retried automatically over the following weeks. You can choose how many retries happen and whether the subscription is canceled or paused afterwards."
Q1160,question: remind users before trial expires,A121,Subscriptions,Free trials,"Subscriptions can start with a free trial of any length. The customer is charged at the end of the trial unless they cancel, and a reminder email can be sent a few days before."
Q1161,why customer never got their money back on my account,A113,Refunds,Why did a refund fail?,A refund can fail if the customer's card was closed or if your balance is too low to cover it. Failed refunds are listed with the reason so you can send the money another way.
Q1162,need help: do i get the dispute fee back please,A106,Disputes,Dispute fees and when they are refunded,A dispute fee is charged when a dispute is opened. The fee is returned if the dispute is decided in your favor by the card network.
Q1163,get money faster same day,A104,Payouts,Instant payouts to a debit card,Eligible accounts can send funds to a debit card within minutes for a small fee. Instant payouts are limited by a daily maximum and are not available for every card.
Q1164,need help: webhook endpoint not receiving events,A124,Developers,Setting up webhooks,"Webhooks send an event to your server when something happens, such as a successful payment or a new dispute. Each event is signed so you can confirm it came from us."
Q1165,"hi, give money back to a buyer",A112,Refunds,Refunding a customer,"You can refund all or part of a payment from the payment details page. Refunds usually reach the customer within five to ten business days, depending on their bank."
Q1166,need help: what does decline code mean?,A108,Payments,Why was a payment declined?,"Payments are declined by the customer's bank for reasons such as insufficient funds, an incorrect card number or a suspected fraud flag. The decline code in the payment details explains the reason."
Q1167,why upgrade a subscriber mid mnoth,A120,Subscriptions,Changing a customer's subscription plan,"When a customer upgrades or downgrades, the price difference is prorated by default so they pay only for the time on each plan. You can turn proration off for a single change."
Q1168,"hi, customer never got their money back?",A113,Refunds,Why did a refund fail?,A refund can fail if the customer's card was closed or if your balance is too low to cover it. Failed refunds are listed with the reason so you can send the money another way.
Q1169,need help: move customer to a cheaper plan for my shop,A120,Subscriptions,Changing a customer's subscription plan,"When a customer upgrades or downgrades, the price difference is prorated by default so they pay only for the time on each plan. You can turn proration off for a single change."
Q1170,how do i when does my money arrive,A101,Payouts,When will I receive my payout?,Payouts are sent to your bank account on a rolling schedule. Most accounts receive funds two business days after a charge settles. Your first payout can take seven to fourteen days while we verify your business.
Q1171,help keep payment details for next time,A110,Payments,Saving a card for future payments,"With the customer's permission you can save a card and charge it later, for example for subscriptions or orders that ship in parts. Saved cards may need authentication on first use."
Q1172,question: use a different checking account,A103,Payouts,Change the bank account for payouts,"You can replace the bank account that receives payouts from your settings. For security, changing bank details pauses payouts for up to three days and sends a confirmation email."
Q1173,why customer charged when trial ended?,A121,Subscriptions,Free trials,"Subscriptions can start with a free trial of any length. The customer is charged at the end of the trial unless they cancel, and a reminder email can be sent a few days before."
Q1174,can you tell me delete my account permanently,A119,Account,Closing your account,"You can close your account once your balance is paid out and there are no open disputes. Closing is permanent, but your records remain available to download for seven years."
Q1175,can you tell me remind users before trial expires on my account,A121,Subscriptions,Free trials,"Subscriptions can start with a free trial of any length. The customer is charged at the end of the trial unless they cancel, and a reminder email can be sent a few days before."
Q1176,get notified when payment succeeds asap,A124,Developers,Setting up webhooks,"Webhooks send an event to your server when something happens, such as a successful payment or a new dispute. Each event is signed so you can confirm it came from us."
Q1177,when does my money arrvie please,A101,Payouts,When will I receive my payout?,Payouts are sent to your bank account on a rolling schedule. Most accounts receive funds two business days after a charge settles. Your first payout can take seven to fourteen days while we verify your business.
Q1178,help what happens when recurring payment fails on my account,A122,Subscriptions,Retrying failed subscription payments,"If a renewal payment fails, it is retried automatically over the following weeks. You can choose how many retries happen and whether the subscription is canceled or paused afterwards."
Q1179,help upload id to keep my account active for my shop,A116,Account,Verifying your business identity,"To keep payouts enabled, we need details such as your legal business name, tax id and a representative's identity. Missing information is listed in the dashboard with a due date."
Q1180,help payout schedule timing,A101,Payouts,When will I receive my payout?,Payouts are sent to your bank account on a rolling schedule. Most accounts receive funds two business days after a charge settles. Your first payout can take seven to fourteen days while we verify your business.
Q1181,help renweal charge failed for a subscriber for my shop,A122,Subscriptions,Retrying failed subscription payments,"If a renewal payment fails, it is retried automatically over the following weeks. You can choose how many retries happen and whether the subscription is canceled or paused afterwards."
Q1182,why webhook endpoint not receiving events on my accuont,A124,Developers,Setting up webhooks,"Webhooks send an event to your server when something happens, such as a successful payment or a new dispute. Each event is signed so you can confirm it came from us."
Q1183,first payout is taking too long for my shop,A101,Payouts,When will I receive my payout?,Payouts are sent to your bank account on a rolling schedule. Most accounts receive funds two business days after a charge settles. Your first payout can take seven to fourteen days while we verify your business.
Q1184,can you tell me cancel everything and leave,A119,Account,Closing your account,"You can close your account once your balance is paid out and there are no open disputes. Closing is permanent, but your records remain available to download for seven years."
Q1185,can you tell me charged a fee for a chargeback asap,A106,Disputes,Dispute fees and when they are refunded,A dispute fee is charged when a dispute is opened. The fee is returned if the dispute is decided in your favor by the card network.
Q1186,question: verify who owns the business asap,A116,Account,Verifying your business identity,"To keep payouts enabled, we need details such as your legal business name, tax id and a representative's identity. Missing information is listed in the dashboard with a due date."
Q1187,set trial length to 14 days,A121,Subscriptions,Free trials,"Subscriptions can start with a free trial of any length. The customer is charged at the end of the trial unless they cancel, and a reminder email can be sent a few days before."
Q1188,need hlep: switch from test to live?,A123,Developers,Using test mode,"Test mode lets you try payments without moving real money. Use the test card numbers from the documentation, and switch to live mode when you are ready to accept real payments."
Q1189,keep paymnet details for next time?,A110,Payments,Saving a card for future payments,"With the customer's permission you can save a card and charge it later, for example for subscriptions or orders that ship in parts. Saved cards may need authentication on first use."
Q1190,how do i return a charge to the cusotmer,A112,Refunds,Refunding a customer,"You can refund all or part of a payment from the payment details page. Refunds usually reach the customer within five to ten business days, depending on their bank."
Q1191,"hi, give money back to a buyer plesae",A112,Refunds,Refunding a customer,"You can refund all or part of a payment from the payment details page. Refunds usually reach the customer within five to ten business days, depending on their bank."
Q1192,close business account?,A119,Account,Closing your account,"You can close your account once your balance is paid out and there are no open disputes. Closing is permanent, but your records remain available to download for seven years."
Q1193,help first payout is taking too long,A101,Payouts,When will I receive my payout?,Payouts are sent to your bank account on a rolling schedule. Most accounts receive funds two business days after a charge settles. Your first payout can take seven to fourteen days while we verify your business.
Q1194,how do i block suspicious payments,A107,Disputes,Preventing fraudulent charges,"Fraud rules let you block payments that match risky patterns, such as many attempts from one card or a mismatch between billing and shipping country. Review blocked payments from the dashboard."
Q1195,why not enough balance to refund for my shop,A113,Refunds,Why did a refund fail?,A refund can fail if the customer's card was closed or if your balance is too low to cover it. Failed refunds are listed with the reason so you can send the money another way.
Q1196,how do i sell to buyers abroad in their money,A109,Payments,Accepting payments in another currency,"You can present prices in more than one hundred currencies. Charges in another currency are converted to your settlement currency at the current exchange rate, and a conversion fee may apply."
Q1197,question: first payout is taking too long on my account,A101,Payouts,When will I receive my payout?,Payouts are sent to your bank account on a rolling schedule. Most accounts receive funds two business days after a charge settles. Your first payout can take seven to fourteen days while we verify your business.
Q1198,give money back to a buyer please,A112,Refunds,Refunding a customer,"You can refund all or part of a payment from the payment details page. Refunds usually reach the customer within five to ten business days, depending on their bank."
Q1199,"hi, pricing for card processing for my shop",A114,Billing,Understanding processing fees,"A processing fee is charged on each successful card payment. International cards and currency conversion can add further fees, and the full breakdown appears in each balance transaction."
Q1200,how do i payout schedule timing?,A101,Payouts,When will I receive my payout?,Payouts are sent to your bank account on a rolling schedule. Most accounts receive funds two business days after a charge settles. Your first payout can take seven to fourteen days while we verify your business.
Q1201,"hi, put a hold on a card on my account",A111,Payments,Authorize now and capture later,"An authorization places a hold on the customer's card without moving money. You can capture the full amount or less within seven days, after which the hold expires."
Q1202,help exchange rate on foreign sales,A109,Payments,Accepting payments in another currency,"You can present prices in more than one hundred currencies. Charges in another currency are converted to your settlement currency at the current exchange rate, and a conversion fee may apply."
Q1203,transfer to my bank is late,A102,Payouts,Why was my payout delayed?,"A payout can be delayed by a bank holiday, a change to your bank details, or a review of unusual activity. Delayed payouts show a pending status in the dashboard with the expected arrival date."
Q1204,can you tell me update my bank detials asap,A103,Payouts,Change the bank account for payouts,"You can replace the bank account that receives payouts from your settings. For security, changing bank details pauses payouts for up to three days and sends a confirmation email."
Q1205,need help: exchange rate on foreign sales,A109,Payments,Accepting payments in another currency,"You can present prices in more than one hundred currencies. Charges in another currency are converted to your settlement currency at the current exchange rate, and a conversion fee may apply."
Q1206,question: how do i fight a chargeback for my shop,A105,Disputes,Responding to a dispute,"When a customer disputes a charge with their bank, you can submit evidence such as receipts, shipping tracking and customer messages. Evidence must be submitted before the deadline shown on the dispute."
Q1207,how do i what happens when recurring payment fails,A122,Subscriptions,Retrying failed subscription payments,"If a renewal payment fails, it is retried automatically over the following weeks. You can choose how many retries happen and whether the subscription is canceled or paused afterwards."
Q1208,exchange rate on foreign sales,A109,Payments,Accepting payments in another currency,"You can present prices in more than one hundred currencies. Charges in another currency are converted to your settlement currency at the current exchange rate, and a conversion fee may apply."
Q1209,why renewal charge failed for a subscirber,A122,Subscriptions,Retrying failed subscription payments,"If a renewal payment fails, it is retried automatically over the following weeks. You can choose how many retries happen and whether the subscription is canceled or paused afterwards."
Q1210,payout stuck in pending?,A102,Payouts,Why was my payout delayed?,"A payout can be delayed by a bank holiday, a change to your bank details, or a review of unusual activity. Delayed payouts show a pending status in the dashboard with the expected arrival date."
Q1211,daily limit on fast payouts,A104,Payouts,Instant payouts to a debit card,Eligible accounts can send funds to a debit card within minutes for a small fee. Instant payouts are limited by a daily maximum and are not available for every card.
Q1212,need help: store customer card on file asap,A110,Payments,Saving a card for future payments,"With the customer's permission you can save a card and charge it later, for example for subscriptions or orders that ship in parts. Saved cards may need authentication on first use."
Q1213,"hi, send funds to my debit card asap",A104,Payouts,Instant payouts to a debit card,Eligible accounts can send funds to a debit card within minutes for a small fee. Instant payouts are limited by a daily maximum and are not available for every card.
Q1214,"hi, pratial refund for one item asap",A112,Refunds,Refunding a customer,"You can refund all or part of a payment from the payment details page. Refunds usually reach the customer within five to ten business days, depending on their bank."
Q1215,"hi, get notified when paymnet succeeds asap",A124,Developers,Setting up webhooks,"Webhooks send an event to your server when something happens, such as a successful payment or a new dispute. Each event is signed so you can confirm it came from us."
Q1216,why turn off prorated charges,A120,Subscriptions,Changing a customer's subscription plan,"When a customer upgrades or downgrades, the price difference is prorated by default so they pay only for the time on each plan. You can turn proration off for a single change."
